PlayerName,Team,Position,Week,Opponent,ProjPassYd,ProjPassTD,ProjPassINT,ProjRushAtt,ProjRushYd,ProjRushTD,ProjRecCount,ProjRecYd,ProjRecTD,ActualPassYd,ActualPassTD,ActualPassINT,ActualRushAtt,ActualRushYd,ActualRushTD,ActualRecCount,ActualRecYd,ActualRecTD,FanProjStd,FanProjPPR1,FanProjPPRHalf,FanActualStd,FanActualPPR1,FanActualPPRHalf,DiffPassYds,DiffPassTD,DiffPassINT,DiffRushAtt,DiffRushYd,DiffRushTD,DiffRecCount,DiffRecYd,DiffRecTD,DiffStandard,DiffPPR1,DiffPPRHalf
TJ Hockenson,MIN,TE,1,TB,0,0,0,0,0,0,5.11,48.53,0.45,0,0,0,0,0,0,8,35,0,7.55,12.66,10.1,3.5,11.5,7.5,0,0,0,0,0,0,2.89,-13.53,-0.45,-4.05,-1.16,-2.61
Tyler Higbee,LA,TE,1,SEA,0,0,0,0,0,0,4.02,42.84,0.32,0,0,0,0,0,0,3,49,0,6.2,10.22,8.21,4.9,7.9,6.4,0,0,0,0,0,0,-1.02,6.16,-0.32,-1.3,-2.32,-1.81
Evan Engram,JAC,TE,1,IND,0,0,0,0,0,0,3.76,41.01,0.29,0,0,0,0,0,0,5,49,0,5.84,9.6,7.72,4.9,9.9,7.4,0,0,0,0,0,0,1.24,7.99,-0.29,-0.94,0.3,-0.32
Taysom Hill,NO,TE,1,TEN,0,0,0,5,20.3,0.16,2.14,22.11,0.11,0,0,0,3,4,0,0,0,0,5.86,8,6.93,0.4,0.4,0.4,0,0,0,-2,-16.3,-0.16,-2.14,-22.11,-0.11,-5.46,-7.6,-6.53
Kyle Pitts,ATL,TE,1,CAR,0,0,0,0,0,0,3.4,41.14,0.26,0,0,0,0,0,0,2,44,0,5.67,9.07,7.37,4.4,6.4,5.4,0,0,0,0,0,0,-1.4,2.86,-0.26,-1.27,-2.67,-1.97
George Kittle,SF,TE,1,PIT,0,0,0,0,0,0,3.68,42.36,0.25,0,0,0,0,0,0,3,19,0,5.74,9.42,7.58,1.9,4.9,3.4,0,0,0,0,0,0,-0.68,-23.36,-0.25,-3.84,-4.52,-4.18
Darren Waller,NYG,TE,1,DAL,0,0,0,0,0,0,4.04,42.72,0.21,0,0,0,0,0,0,3,36,0,5.53,9.57,7.55,3.6,6.6,5.1,0,0,0,0,0,0,-1.04,-6.72,-0.21,-1.93,-2.97,-2.45
Isaiah Likely,BAL,TE,1,HOU,0,0,0,0,0,0,2.99,29.17,0.31,0,0,0,0,0,0,1,4,0,4.78,7.77,6.28,0.4,1.4,0.9,0,0,0,0,0,0,-1.99,-25.17,-0.31,-4.38,-6.37,-5.38
Pat Freiermuth,PIT,TE,1,SF,0,0,0,0,0,0,3.82,36.7,0.23,0,0,0,0,0,0,1,3,1,5.05,8.87,6.96,6.3,7.3,6.8,0,0,0,0,0,0,-2.82,-33.7,0.77,1.25,-1.57,-0.16
Greg Dulcich,DEN,TE,1,LV,0,0,0,0,0,0,2.74,29.47,0.29,0,0,0,0,0,0,2,22,0,4.69,7.43,6.06,2.2,4.2,3.2,0,0,0,0,0,0,-0.74,-7.47,-0.29,-2.49,-3.23,-2.86
David Njoku,CLE,TE,1,CIN,0,0,0,0,0,0,2.99,32.42,0.22,0,0,0,0,0,0,2,24,0,4.56,7.55,6.06,2.4,4.4,3.4,0,0,0,0,0,0,-0.99,-8.42,-0.22,-2.16,-3.15,-2.66
Luke Musgrave,GB,TE,1,CHI,0,0,0,0,0,0,3.15,33.61,0.19,0,0,0,0,0,0,3,50,0,4.5,7.65,6.08,5,8,6.5,0,0,0,0,0,0,-0.15,16.39,-0.19,0.5,0.35,0.42
Juwan Johnson,NO,TE,1,TEN,0,0,0,0,0,0,2.82,31.73,0.22,0,0,0,0,0,0,3,36,0,4.49,7.31,5.9,3.6,6.6,5.1,0,0,0,0,0,0,0.18,4.27,-0.22,-0.89,-0.71,-0.8
Dalton Schultz,HOU,TE,1,BAL,0,0,0,0,0,0,3.02,26.9,0.2,0,0,0,0,0,0,2,4,0,3.89,6.91,5.4,0.4,2.4,1.4,0,0,0,0,0,0,-1.02,-22.9,-0.2,-3.49,-4.51,-4
Gerald Everett,LAC,TE,1,MIA,0,0,0,0,0,0,2.86,28.55,0.24,0,0,0,1,2,0,2,21,0,4.3,7.16,5.73,2.3,4.3,3.3,0,0,0,1,2,0,-0.86,-7.55,-0.24,-2,-2.86,-2.43
Noah Gray,KC,TE,1,DET,0,0,0,0,0,0,2.46,26.1,0.27,0,0,0,0,0,0,3,31,0,4.23,6.69,5.46,3.1,6.1,4.6,0,0,0,0,0,0,0.54,4.9,-0.27,-1.13,-0.59,-0.86
Cade Otton,TB,TE,1,MIN,0,0,0,0,0,0,2.81,29.53,0.2,0,0,0,0,0,0,2,19,0,4.15,6.96,5.56,1.9,3.9,2.9,0,0,0,0,0,0,-0.81,-10.53,-0.2,-2.25,-3.06,-2.66
Sam LaPorta,DET,TE,1,KC,0,0,0,0,0,0,2.38,27.48,0.22,0,0,0,0,0,0,5,39,0,4.07,6.45,5.26,3.9,8.9,6.4,0,0,0,0,0,0,2.62,11.52,-0.22,-0.17,2.45,1.14
Irv Smith,CIN,TE,1,CLE,0,0,0,0,0,0,2.99,27.4,0.2,0,0,0,0,0,0,3,17,0,3.94,6.93,5.44,1.7,4.7,3.2,0,0,0,0,0,0,0.01,-10.4,-0.2,-2.24,-2.23,-2.24
Adam Trautman,DEN,TE,1,LV,0,0,0,0,0,0,2.36,24.12,0.21,0,0,0,0,0,0,5,34,0,3.67,6.03,4.85,3.4,8.4,5.9,0,0,0,0,0,0,2.64,9.88,-0.21,-0.27,2.37,1.05
Hayden Hurst,CAR,TE,1,ATL,0,0,0,0,0,0,3.08,26.89,0.19,0,0,0,0,0,0,5,41,1,3.83,6.91,5.37,10.1,15.1,12.6,0,0,0,0,0,0,1.92,14.11,0.81,6.27,8.19,7.23
Cole Kmet,CHI,TE,1,GB,0,0,0,0,0,0,2.33,23.13,0.2,0,0,0,1,0,0,5,44,0,3.51,5.84,4.68,4.4,9.4,6.9,0,0,0,1,0,0,2.67,20.87,-0.2,0.89,3.56,2.23
Jake Ferguson,DAL,TE,1,NYG,0,0,0,0,0,0,2.29,22.64,0.19,0,0,0,0,0,0,2,11,0,3.4,5.69,4.54,1.1,3.1,2.1,0,0,0,0,0,0,-0.29,-11.64,-0.19,-2.3,-2.59,-2.44
Blake Bell,KC,TE,1,DET,0,0,0,0.24,1.26,0.01,1.85,20.39,0.2,0,0,0,0,0,0,2,12,1,3.42,5.27,4.34,7.2,9.2,8.2,0,0,0,-0.24,-1.26,-0.01,0.15,-8.39,0.8,3.78,3.93,3.85
Hunter Henry,NE,TE,1,PHI,0,0,0,0,0,0,3.15,36.01,0.23,0,0,0,0,0,0,5,56,1,4.98,8.13,6.56,11.6,16.6,14.1,0,0,0,0,0,0,1.85,19.99,0.77,6.62,8.47,7.54
Logan Thomas,WSH,TE,1,ARI,0,0,0,0,0,0,2.58,22.29,0.18,0,0,0,0,0,0,4,43,0,3.31,5.89,4.6,4.3,8.3,6.3,0,0,0,0,0,0,1.42,20.71,-0.18,0.99,2.41,1.7
Zach Ertz,ARI,TE,1,WSH,0,0,0,0,0,0,2.39,22.77,0.11,0,0,0,0,0,0,6,21,0,2.94,5.33,4.14,2.1,8.1,5.1,0,0,0,0,0,0,3.61,-1.77,-0.11,-0.84,2.77,0.96
Mike Gesicki,NE,TE,1,PHI,0,0,0,0,0,0,2.82,29.77,0.19,0,0,0,0,0,0,3,36,0,4.12,6.94,5.53,3.6,6.6,5.1,0,0,0,0,0,0,0.18,6.23,-0.19,-0.52,-0.34,-0.43
Kylen Granson,IND,TE,1,JAC,0,0,0,0,0,0,1.72,17.89,0.13,0,0,0,0,0,0,4,39,0,2.57,4.29,3.43,3.9,7.9,5.9,0,0,0,0,0,0,2.28,21.11,-0.13,1.33,3.61,2.47
Durham Smythe,MIA,TE,1,LAC,0,0,0,0,0,0,1.46,14.79,0.1,0,0,0,0,0,0,3,44,0,2.08,3.54,2.81,4.4,7.4,5.9,0,0,0,0,0,0,1.54,29.21,-0.1,2.32,3.86,3.09
Austin Hooper,LV,TE,1,DEN,0,0,0,0,0,0,1.53,14.01,0.08,0,0,0,0,0,0,1,20,0,1.88,3.41,2.64,2,3,2.5,0,0,0,0,0,0,-0.53,5.99,-0.08,0.12,-0.41,-0.15
Trey McBride,ARI,TE,1,WSH,0,0,0,0,0,0,1.25,12.66,0.06,0,0,0,0,0,0,2,23,0,1.63,2.88,2.26,2.3,4.3,3.3,0,0,0,0,0,0,0.75,10.34,-0.06,0.67,1.42,1.04
Brycen Hopkins,LA,TE,1,SEA,0,0,0,0,0,0,0.56,6.8,0.05,0,0,0,0,0,0,1,21,0,0.98,1.54,1.26,2.1,3.1,2.6,0,0,0,0,0,0,0.44,14.2,-0.05,1.12,1.56,1.34
Donald Parham,LAC,TE,1,MIA,0,0,0,0,0,0,0.53,5.62,0.04,0,0,0,0,0,0,3,21,1,0.8,1.33,1.06,8.1,11.1,9.6,0,0,0,0,0,0,2.47,15.38,0.96,7.3,9.77,8.54
Brock Wright,DET,TE,1,KC,0,0,0,0,0,0,0.46,5.25,0.05,0,0,0,0,0,0,2,17,0,0.82,1.28,1.05,1.7,3.7,2.7,0,0,0,0,0,0,1.54,11.75,-0.05,0.88,2.42,1.65
Teagan Quitoriano,HOU,TE,1,BAL,0,0,0,0,0,0,0.4,3.77,0.03,0,0,0,0,0,0,1,11,0,0.56,0.96,0.76,1.1,2.1,1.6,0,0,0,0,0,0,0.6,7.23,-0.03,0.54,1.14,0.84
Will Dissly,SEA,TE,1,LA,0,0,0,0,0,0,0.38,3.86,0.03,0,0,0,0,0,0,2,17,0,0.57,0.95,0.76,1.7,3.7,2.7,0,0,0,0,0,0,1.62,13.14,-0.03,1.13,2.75,1.94
Harrison Bryant,CLE,TE,1,CIN,0,0,0,0,0,0,0.4,3.81,0.03,0,0,0,0,0,0,2,5,1,0.56,0.96,0.76,6.5,8.5,7.5,0,0,0,0,0,0,1.6,1.19,0.97,5.94,7.54,6.74
Colby Parkinson,SEA,TE,1,LA,0,0,0,0,0,0,0.36,3.65,0.03,0,0,0,0,0,0,1,8,0,0.54,0.9,0.72,0.8,1.8,1.3,0,0,0,0,0,0,0.64,4.35,-0.03,0.26,0.9,0.58
Daniel Bellinger,NYG,TE,1,DAL,0,0,0,0,0,0,0.43,3.69,0.02,0,0,0,0,0,0,1,1,0,0.49,0.92,0.7,0.1,1.1,0.6,0,0,0,0,0,0,0.57,-2.69,-0.02,-0.39,0.18,-0.1
Josh Oliver,MIN,TE,1,TB,0,0,0,0,0,0,0.24,2.09,0.02,0,0,0,0,0,0,3,32,0,0.33,0.57,0.45,3.2,6.2,4.7,0,0,0,0,0,0,2.76,29.91,-0.02,2.87,5.63,4.25
Connor Heyward,PIT,TE,1,SF,0,0,0,0,0,0,0.21,2.06,0.01,0,0,0,0,0,0,2,19,0,0.27,0.48,0.38,1.9,3.9,2.9,0,0,0,0,0,0,1.79,16.94,-0.01,1.63,3.42,2.52
Jordan Akins,CLE,TE,1,CIN,0,0,0,0,0,0,0.2,2.15,0.01,0,0,0,0,0,0,1,12,0,0.28,0.48,0.38,1.2,2.2,1.7,0,0,0,0,0,0,0.8,9.85,-0.01,0.92,1.72,1.32
Cole Turner,WSH,TE,1,ARI,0,0,0,0,0,0,0.2,1.92,0.01,0,0,0,0,0,0,1,17,0,0.25,0.45,0.35,1.7,2.7,2.2,0,0,0,0,0,0,0.8,15.08,-0.01,1.45,2.25,1.85
TJ Hockenson,MIN,TE,2,PHI,0,0,0,0,0,0,4.95,46.58,0.33,0,0,0,0,0,0,7,66,2,6.64,11.59,9.12,18.6,25.6,22.1,0,0,0,0,0,0,2.05,19.42,1.67,11.96,14.01,12.99
Dallas Goedert,PHI,TE,2,MIN,0,0,0,0,0,0,3.74,44.3,0.25,0,0,0,0,0,0,6,22,0,5.93,9.67,7.8,2.2,8.2,5.2,0,0,0,0,0,0,2.26,-22.3,-0.25,-3.73,-1.47,-2.6
Josh Oliver,MIN,TE,2,PHI,0,0,0,0,0,0,1.23,11.36,0.08,0,0,0,0,0,0,2,13,0,1.62,2.85,2.24,1.3,3.3,2.3,0,0,0,0,0,0,0.77,1.64,-0.08,-0.32,0.45,0.06
Travis Kelce,KC,TE,2,JAC,0,0,0,0,0,0,6.74,81.7,0.72,0,0,0,0,0,0,4,26,1,12.49,19.23,15.86,8.6,12.6,10.6,0,0,0,0,0,0,-2.74,-55.7,0.28,-3.89,-6.63,-5.26
Mark Andrews,BAL,TE,2,CIN,0,0,0,0,0,0,5.2,55.12,0.41,0,0,0,0,0,0,5,45,1,7.97,13.17,10.57,10.5,15.5,13,0,0,0,0,0,0,-0.2,-10.12,0.59,2.53,2.33,2.43
Sam LaPorta,DET,TE,2,SEA,0,0,0,0,0,0,3.27,39.89,0.31,0,0,0,0,0,0,5,63,0,5.85,9.12,7.48,6.3,11.3,8.8,0,0,0,0,0,0,1.73,23.11,-0.31,0.45,2.18,1.32
Luke Musgrave,GB,TE,2,ATL,0,0,0,0,0,0,3.92,42.08,0.25,0,0,0,0,0,0,2,25,0,5.71,9.63,7.67,2.5,4.5,3.5,0,0,0,0,0,0,-1.92,-17.08,-0.25,-3.21,-5.13,-4.17
Dalton Schultz,HOU,TE,2,IND,0,0,0,0,0,0,3.88,38.87,0.27,0,0,0,0,0,0,4,34,0,5.51,9.39,7.45,3.4,7.4,5.4,0,0,0,0,0,0,0.12,-4.87,-0.27,-2.11,-1.99,-2.05
Kyle Pitts,ATL,TE,2,GB,0,0,0,0,0,0,3.05,38.17,0.23,0,0,0,0,0,0,2,15,0,5.2,8.25,6.72,1.5,3.5,2.5,0,0,0,0,0,0,-1.05,-23.17,-0.23,-3.7,-4.75,-4.22
Dalton Kincaid,BUF,TE,2,LV,0,0,0,0,0,0,3.48,34.82,0.28,0,0,0,0,0,0,5,43,0,5.16,8.64,6.9,4.3,9.3,6.8,0,0,0,0,0,0,1.52,8.18,-0.28,-0.86,0.66,-0.1
Evan Engram,JAC,TE,2,KC,0,0,0,0,0,0,3.48,34.19,0.25,0,0,0,0,0,0,6,57,0,4.92,8.4,6.66,5.7,11.7,8.7,0,0,0,0,0,0,2.52,22.81,-0.25,0.78,3.3,2.04
Dawson Knox,BUF,TE,2,LV,0,0,0,0,0,0,3.01,31.83,0.28,0,0,0,0,0,0,3,10,1,4.86,7.87,6.36,7,10,8.5,0,0,0,0,0,0,-0.01,-21.83,0.72,2.14,2.13,2.13
Chigoziem Okonkwo,TEN,TE,2,LAC,0,0,0,0,0,0,2.83,35.8,0.2,0,0,0,0,0,0,4,35,0,4.78,7.61,6.2,3.5,7.5,5.5,0,0,0,0,0,0,1.17,-0.8,-0.2,-1.28,-0.11,-0.7
Gerald Everett,LAC,TE,2,TEN,0,0,0,0,0,0,2.95,30.03,0.26,0,0,0,0,0,0,3,47,0,4.56,7.51,6.04,4.7,7.7,6.2,0,0,0,0,0,0,0.05,16.97,-0.26,0.14,0.19,0.17
Irv Smith,CIN,TE,2,BAL,0,0,0,0,0,0,3.4,27.85,0.28,0,0,0,0,0,0,2,10,0,4.46,7.86,6.16,1,3,2,0,0,0,0,0,0,-1.4,-17.85,-0.28,-3.46,-4.86,-4.16
Austin Hooper,LV,TE,2,BUF,0,0,0,0,0,0,3.39,30.93,0.17,0,0,0,0,0,0,2,20,0,4.11,7.5,5.81,2,4,3,0,0,0,0,0,0,-1.39,-10.93,-0.17,-2.11,-3.5,-2.81
Cole Kmet,CHI,TE,2,TB,0,0,0,0,0,0,2.7,27.87,0.21,0,0,0,0,0,0,4,38,0,4.05,6.75,5.4,3.8,7.8,5.8,0,0,0,0,0,0,1.3,10.13,-0.21,-0.25,1.05,0.4
Colby Parkinson,SEA,TE,2,DET,0,0,0,0,0,0,2.27,24.17,0.18,0,0,0,0,0,0,2,41,0,3.5,5.77,4.64,4.1,6.1,5.1,0,0,0,0,0,0,-0.27,16.83,-0.18,0.6,0.33,0.46
Cade Otton,TB,TE,2,CHI,0,0,0,0,0,0,2.34,23.05,0.16,0,0,0,0,0,0,6,41,0,3.26,5.6,4.43,4.1,10.1,7.1,0,0,0,0,0,0,3.66,17.95,-0.16,0.84,4.5,2.67
Mo Alie-Cox,IND,TE,2,HOU,0,0,0,0,0,0,1.55,18.62,0.13,0,0,0,0,0,0,1,15,0,2.64,4.19,3.42,1.5,2.5,2,0,0,0,0,0,0,-0.55,-3.62,-0.13,-1.14,-1.69,-1.42
Kylen Granson,IND,TE,2,HOU,0,0,0,0,0,0,1.8,18.16,0.13,0,0,0,0,0,0,3,16,1,2.6,4.4,3.5,7.6,10.6,9.1,0,0,0,0,0,0,1.2,-2.16,0.87,5,6.2,5.6
Donald Parham,LAC,TE,2,TEN,0,0,0,0,0,0,1.38,15.22,0.13,0,0,0,0,0,0,1,7,0,2.3,3.68,2.99,0.7,1.7,1.2,0,0,0,0,0,0,-0.38,-8.22,-0.13,-1.6,-1.98,-1.79
Will Dissly,SEA,TE,2,DET,0,0,0,0,0,0,1.01,10.75,0.08,0,0,0,0,0,0,3,35,0,1.56,2.57,2.06,3.5,6.5,5,0,0,0,0,0,0,1.99,24.25,-0.08,1.94,3.93,2.94
Isaiah Likely,BAL,TE,2,CIN,0,0,0,0,0,0,0.88,8.24,0.06,0,0,0,0,0,0,1,8,0,1.18,2.06,1.62,0.8,1.8,1.3,0,0,0,0,0,0,0.12,-0.24,-0.06,-0.38,-0.26,-0.32
Noah Gray,KC,TE,2,JAC,0,0,0,0,0,0,0.53,5.58,0.05,0,0,0,0,0,0,3,38,0,0.86,1.39,1.12,3.8,6.8,5.3,0,0,0,0,0,0,2.47,32.42,-0.05,2.94,5.41,4.18
Noah Fant,SEA,TE,2,DET,0,0,0,0,0,0,0.48,4.9,0.04,0,0,0,0,0,0,4,56,0,0.73,1.21,0.97,5.6,9.6,7.6,0,0,0,0,0,0,3.52,51.1,-0.04,4.87,8.39,6.63
Michael Mayer,LV,TE,2,BUF,0,0,0,0,0,0,0.45,4.16,0.02,0,0,0,0,0,0,1,2,0,0.54,0.99,0.76,0.2,1.2,0.7,0,0,0,0,0,0,0.55,-2.16,-0.02,-0.34,0.21,-0.07
Josiah Deguara,GB,TE,2,ATL,0,0,0,0,0,0,0.23,2.36,0.01,0,0,0,0,0,0,2,5,0,0.3,0.53,0.42,0.5,2.5,1.5,0,0,0,0,0,0,1.77,2.64,-0.01,0.2,1.97,1.08
Brevin Jordan,HOU,TE,2,IND,0,0,0,0,0,0,0.22,2.22,0.02,0,0,0,0,0,0,2,27,0,0.34,0.56,0.45,2.7,4.7,3.7,0,0,0,0,0,0,1.78,24.78,-0.02,2.36,4.14,3.25
Jonnu Smith,ATL,TE,2,GB,0,0,0,0,0,0,0.17,1.69,0.02,0,0,0,0,0,0,4,47,0,0.29,0.46,0.38,4.7,8.7,6.7,0,0,0,0,0,0,3.83,45.31,-0.02,4.41,8.24,6.32
George Kittle,SF,TE,2,LA,0,0,0,0.3,1.44,0.01,3.83,44.26,0.36,0,0,0,0,0,0,3,30,0,6.79,10.62,8.7,3,6,4.5,0,0,0,-0.3,-1.44,-0.01,-0.83,-14.26,-0.36,-3.79,-4.62,-4.2
Darren Waller,NYG,TE,2,ARI,0,0,0,0,0,0,3.92,45.43,0.26,0,0,0,0,0,0,6,76,0,6.1,10.02,8.06,7.6,13.6,10.6,0,0,0,0,0,0,2.08,30.57,-0.26,1.5,3.58,2.54
Tyler Higbee,LA,TE,2,SF,0,0,0,0,0,0,4.28,37.27,0.28,0,0,0,0,0,0,3,12,0,5.41,9.69,7.55,1.2,4.2,2.7,0,0,0,0,0,0,-1.28,-25.27,-0.28,-4.21,-5.49,-4.85
Zach Ertz,ARI,TE,2,NYG,0,0,0,0,0,0,3.6,34.53,0.18,0,0,0,0,0,0,6,56,0,4.53,8.13,6.33,5.6,11.6,8.6,0,0,0,0,0,0,2.4,21.47,-0.18,1.07,3.47,2.27
Logan Thomas,WSH,TE,2,DEN,0,0,0,0,0,0,3.56,32.73,0.2,0,0,0,0,0,0,2,22,1,4.47,8.03,6.25,8.2,10.2,9.2,0,0,0,0,0,0,-1.56,-10.73,0.8,3.73,2.17,2.95
Jake Ferguson,DAL,TE,2,NYJ,0,0,0,0,0,0,2.68,26.07,0.2,0,0,0,0,0,0,3,11,1,3.81,6.49,5.15,7.1,10.1,8.6,0,0,0,0,0,0,0.32,-15.07,0.8,3.29,3.61,3.45
Trey McBride,ARI,TE,2,NYG,0,0,0,0,0,0,2.12,22.56,0.11,0,0,0,0,0,0,2,32,0,2.92,5.04,3.98,3.2,5.2,4.2,0,0,0,0,0,0,-0.12,9.44,-0.11,0.28,0.16,0.22
Tyler Conklin,NYJ,TE,2,DAL,0,0,0,0,0,0,2.22,20.99,0.09,0,0,0,0,0,0,5,50,0,2.64,4.86,3.75,5,10,7.5,0,0,0,0,0,0,2.78,29.01,-0.09,2.36,5.14,3.75
Cole Turner,WSH,TE,2,DEN,0,0,0,0,0,0,0.81,8.28,0.05,0,0,0,0,0,0,2,21,0,1.13,1.94,1.54,2.1,4.1,3.1,0,0,0,0,0,0,1.19,12.72,-0.05,0.97,2.16,1.57
Luke Schoonmaker,DAL,TE,2,NYJ,0,0,0,0,0,0,0.45,4.44,0.03,0,0,0,0,0,0,1,1,1,0.62,1.07,0.84,6.1,7.1,6.6,0,0,0,0,0,0,0.55,-3.44,0.97,5.48,6.03,5.76
John Bates,WSH,TE,2,DEN,0,0,0,0,0,0,0.21,2.11,0.01,0,0,0,0,0,0,3,46,0,0.27,0.48,0.38,4.6,7.6,6.1,0,0,0,0,0,0,2.79,43.89,-0.01,4.33,7.12,5.72
Hunter Henry,NE,TE,2,MIA,0,0,0,0,0,0,3.09,33.37,0.29,0,0,0,0,0,0,6,52,1,5.08,8.17,6.62,11.2,17.2,14.2,0,0,0,0,0,0,2.91,18.63,0.71,6.12,9.03,7.57
Mike Gesicki,NE,TE,2,MIA,0,0,0,0,0,0,1.69,17.05,0.14,0,0,0,0,0,0,5,36,0,2.54,4.23,3.38,3.6,8.6,6.1,0,0,0,0,0,0,3.31,18.95,-0.14,1.06,4.37,2.72
Durham Smythe,MIA,TE,2,NE,0,0,0,0,0,0,1.51,13.58,0.13,0,0,0,0,0,0,3,23,0,2.14,3.65,2.9,2.3,5.3,3.8,0,0,0,0,0,0,1.49,9.42,-0.13,0.16,1.65,0.9
Pat Freiermuth,PIT,TE,2,CLE,0,0,0,0,0,0,4.13,41.5,0.23,0,0,0,0,0,0,1,2,0,5.53,9.66,7.6,0.2,1.2,0.7,0,0,0,0,0,0,-3.13,-39.5,-0.23,-5.33,-8.46,-6.9
David Njoku,CLE,TE,2,PIT,0,0,0,0,0,0,3.03,33.63,0.25,0,0,0,0,0,0,4,48,0,4.86,7.89,6.38,4.8,8.8,6.8,0,0,0,0,0,0,0.97,14.37,-0.25,-0.06,0.91,0.42
Juwan Johnson,NO,TE,2,CAR,0,0,0,0,0,0,3.05,32.87,0.24,0,0,0,0,0,0,2,13,0,4.73,7.78,6.26,1.3,3.3,2.3,0,0,0,0,0,0,-1.05,-19.87,-0.24,-3.43,-4.48,-3.96
Hayden Hurst,CAR,TE,2,NO,0,0,0,0,0,0,3.26,27.17,0.19,0,0,0,0,0,0,3,20,0,3.86,7.12,5.49,2,5,3.5,0,0,0,0,0,0,-0.26,-7.17,-0.19,-1.86,-2.12,-1.99
Taysom Hill,NO,TE,2,CAR,0,0,0,2.33,10.94,0.1,0.92,9.26,0.07,8,0,0,9,75,0,1,-1,0,3.04,3.96,3.5,7.72,8.72,8.22,8,0,0,6.67,64.06,-0.1,0.08,-10.26,-0.07,4.68,4.76,4.72
Jordan Akins,CLE,TE,2,PIT,0,0,0,0,0,0,0.39,4.38,0.03,0,0,0,0,0,0,1,2,0,0.62,1.01,0.82,0.2,1.2,0.7,0,0,0,0,0,0,0.61,-2.38,-0.03,-0.42,0.19,-0.12
Foster Moreau,NO,TE,2,CAR,0,0,0,0,0,0,0.2,2.29,0.02,0,0,0,0,0,0,2,20,0,0.35,0.55,0.45,2,4,3,0,0,0,0,0,0,1.8,17.71,-0.02,1.65,3.45,2.55
George Kittle,SF,TE,3,NYG,0,0,0,0,0,0,4.27,50.13,0.37,0,0,0,0,0,0,7,90,0,7.23,11.5,9.36,9,16,12.5,0,0,0,0,0,0,2.73,39.87,-0.37,1.77,4.5,3.14
Darren Waller,NYG,TE,3,SF,0,0,0,0,0,0,4.83,50.36,0.22,0,0,0,0,0,0,3,20,0,6.36,11.19,8.78,2,5,3.5,0,0,0,0,0,0,-1.83,-30.36,-0.22,-4.36,-6.19,-5.28
Daniel Bellinger,NYG,TE,3,SF,0,0,0,0,0,0,0.22,1.9,0.01,0,0,0,0,0,0,1,8,0,0.25,0.47,0.36,0.8,1.8,1.3,0,0,0,0,0,0,0.78,6.1,-0.01,0.55,1.33,0.94
Mark Andrews,BAL,TE,3,IND,0,0,0,0,0,0,5.56,58.91,0.55,0,0,0,0,0,0,4,35,0,9.19,14.75,11.97,3.5,7.5,5.5,0,0,0,0,0,0,-1.56,-23.91,-0.55,-5.69,-7.25,-6.47
TJ Hockenson,MIN,TE,3,LAC,0,0,0,0,0,0,5.08,51.87,0.48,0,0,0,0,0,0,8,78,0,8.07,13.15,10.61,7.8,15.8,11.8,0,0,0,0,0,0,2.92,26.13,-0.48,-0.27,2.65,1.19
Taysom Hill,NO,TE,3,GB,0,0,0,5.02,24.44,0.6,1.34,12.87,0.08,0,0,0,4,12,0,1,9,0,7.81,9.15,8.48,2.1,3.1,2.6,0,0,0,-1.02,-12.44,-0.6,-0.34,-3.87,-0.08,-5.71,-6.05,-5.88
Evan Engram,JAC,TE,3,HOU,0,0,0,0.28,1.83,0.01,4.53,46.02,0.34,0,0,0,0,0,0,7,67,0,6.89,11.42,9.15,6.7,13.7,10.2,0,0,0,-0.28,-1.83,-0.01,2.47,20.98,-0.34,-0.19,2.28,1.04
Sam LaPorta,DET,TE,3,ATL,0,0,0,0,0,0,3.87,43.51,0.35,0,0,0,0,0,0,8,84,1,6.45,10.32,8.38,14.4,22.4,18.4,0,0,0,0,0,0,4.13,40.49,0.65,7.95,12.08,10.01
Kyle Pitts,ATL,TE,3,DET,0,0,0,0,0,0,3.28,44.35,0.24,0,0,0,1,-4,0,5,41,0,5.88,9.16,7.52,3.7,8.7,6.2,0,0,0,1,-4,0,1.72,-3.35,-0.24,-2.18,-0.46,-1.32
Gerald Everett,LAC,TE,3,MIN,0,0,0,0,0,0,3.41,35.06,0.34,0,0,0,0,0,0,6,30,0,5.55,8.96,7.26,3,9,6,0,0,0,0,0,0,2.59,-5.06,-0.34,-2.55,0.04,-1.25
Dalton Schultz,HOU,TE,3,JAC,0,0,0,0,0,0,3.76,39.19,0.24,0,0,0,0,0,0,1,9,0,5.36,9.12,7.24,0.9,1.9,1.4,0,0,0,0,0,0,-2.76,-30.19,-0.24,-4.46,-7.22,-5.84
Hunter Henry,NE,TE,3,NYJ,0,0,0,0,0,0,3.37,36.38,0.23,0,0,0,0,0,0,2,17,0,5.02,8.39,6.7,1.7,3.7,2.7,0,0,0,0,0,0,-1.37,-19.38,-0.23,-3.32,-4.69,-4
Dalton Kincaid,BUF,TE,3,WSH,0,0,0,0,0,0,3.25,31.57,0.24,0,0,0,0,0,0,2,3,0,4.6,7.85,6.22,0.3,2.3,1.3,0,0,0,0,0,0,-1.25,-28.57,-0.24,-4.3,-5.55,-4.92
David Njoku,CLE,TE,3,TEN,0,0,0,0,0,0,2.74,32.45,0.21,0,0,0,0,0,0,4,20,0,4.5,7.24,5.87,2,6,4,0,0,0,0,0,0,1.26,-12.45,-0.21,-2.5,-1.24,-1.87
Dawson Knox,BUF,TE,3,WSH,0,0,0,0,0,0,2.89,29.58,0.25,0,0,0,0,0,0,1,11,0,4.46,7.35,5.9,1.1,2.1,1.6,0,0,0,0,0,0,-1.89,-18.58,-0.25,-3.36,-5.25,-4.3
Chigoziem Okonkwo,TEN,TE,3,CLE,0,0,0,0,0,0,2.86,34.69,0.14,0,0,0,0,0,0,3,7,0,4.31,7.17,5.74,0.7,3.7,2.2,0,0,0,0,0,0,0.14,-27.69,-0.14,-3.61,-3.47,-3.54
Luke Musgrave,GB,TE,3,NO,0,0,0,0,0,0,2.65,28.79,0.21,0,0,0,0,0,0,6,49,0,4.14,6.79,5.46,4.9,10.9,7.9,0,0,0,0,0,0,3.35,20.21,-0.21,0.76,4.11,2.44
Juwan Johnson,NO,TE,3,GB,0,0,0,0,0,0,2.76,28.62,0.17,0,0,0,0,0,0,2,12,0,3.88,6.64,5.26,1.2,3.2,2.2,0,0,0,0,0,0,-0.76,-16.62,-0.17,-2.68,-3.44,-3.06
Durham Smythe,MIA,TE,3,DEN,0,0,0,0,0,0,2.22,22.4,0.18,0,0,0,0,0,0,1,15,0,3.32,5.54,4.43,1.5,2.5,2,0,0,0,0,0,0,-1.22,-7.4,-0.18,-1.82,-3.04,-2.43
John Bates,WSH,TE,3,BUF,0,0,0,0,0,0,2.63,24.29,0.14,0,0,0,0,0,0,2,12,0,3.27,5.9,4.58,1.2,3.2,2.2,0,0,0,0,0,0,-0.63,-12.29,-0.14,-2.07,-2.7,-2.38
Tyler Conklin,NYJ,TE,3,NE,0,0,0,0,0,0,2.28,22.02,0.13,0,0,0,0,0,0,3,26,0,2.98,5.26,4.12,2.6,5.6,4.1,0,0,0,0,0,0,0.72,3.98,-0.13,-0.38,0.34,-0.02
Kylen Granson,IND,TE,3,BAL,0,0,0,0,0,0,2.1,20.82,0.13,0,0,0,0,0,0,2,9,0,2.86,4.96,3.91,0.9,2.9,1.9,0,0,0,0,0,0,-0.1,-11.82,-0.13,-1.96,-2.06,-2.01
Jonnu Smith,ATL,TE,3,DET,0,0,0,0,0,0,1.42,15.07,0.14,0,0,0,0,0,0,5,37,0,2.35,3.77,3.06,3.7,8.7,6.2,0,0,0,0,0,0,3.58,21.93,-0.14,1.35,4.93,3.14
Mike Gesicki,NE,TE,3,NYJ,0,0,0,0,0,0,1.7,16.89,0.1,0,0,0,0,0,0,1,18,0,2.29,3.99,3.14,1.8,2.8,2.3,0,0,0,0,0,0,-0.7,1.11,-0.1,-0.49,-1.19,-0.84
Isaiah Likely,BAL,TE,3,IND,0,0,0,0,0,0,1.31,12.68,0.12,0,0,0,0,0,0,1,20,0,1.99,3.3,2.64,2,3,2.5,0,0,0,0,0,0,-0.31,7.32,-0.12,0.01,-0.3,-0.15
Josh Oliver,MIN,TE,3,LAC,0,0,0,0,0,0,1.07,10.74,0.1,0,0,0,0,0,0,2,4,1,1.67,2.74,2.2,6.4,8.4,7.4,0,0,0,0,0,0,0.93,-6.74,0.9,4.73,5.66,5.2
Andrew Ogletree,IND,TE,3,BAL,0,0,0,0,0,0,1.03,10.69,0.07,0,0,0,0,0,0,1,11,0,1.49,2.52,2,1.1,2.1,1.6,0,0,0,0,0,0,-0.03,0.31,-0.07,-0.39,-0.42,-0.4
Harrison Bryant,CLE,TE,3,TEN,0,0,0,0,0,0,0.98,10.04,0.07,0,0,0,2,4,0,0,0,0,1.42,2.4,1.91,0.4,0.4,0.4,0,0,0,2,4,0,-0.98,-10.04,-0.07,-1.02,-2,-1.51
Donald Parham,LAC,TE,3,MIN,0,0,0,0,0,0,0.77,8.46,0.09,0,0,0,0,0,0,2,4,2,1.39,2.16,1.78,12.4,14.4,13.4,0,0,0,0,0,0,1.23,-4.46,1.91,11.01,12.24,11.62
Cole Turner,WSH,TE,3,BUF,0,0,0,0,0,0,1.03,9.43,0.06,0,0,0,0,0,0,4,35,0,1.3,2.33,1.82,3.5,7.5,5.5,0,0,0,0,0,0,2.97,25.57,-0.06,2.2,5.17,3.68
Brevin Jordan,HOU,TE,3,JAC,0,0,0,0,0,0,0.85,9.08,0.06,0,0,0,0,0,0,2,13,1,1.27,2.12,1.7,7.3,9.3,8.3,0,0,0,0,0,0,1.15,3.92,0.94,6.03,7.18,6.6
MyCole Pruitt,ATL,TE,3,DET,0,0,0,0,0,0,0.39,4.25,0.04,0,0,0,0,0,0,1,10,0,0.66,1.05,0.86,1,2,1.5,0,0,0,0,0,0,0.61,5.75,-0.04,0.34,0.95,0.64
Luke Farrell,JAC,TE,3,HOU,0,0,0,0,0,0,0.24,2.39,0.02,0,0,0,0,0,0,1,4,0,0.36,0.6,0.48,0.4,1.4,0.9,0,0,0,0,0,0,0.76,1.61,-0.02,0.04,0.8,0.42
Jimmy Graham,NO,TE,3,GB,0,0,0,0,0,0,0.19,1.81,0.01,0,0,0,0,0,0,1,8,1,0.24,0.43,0.34,6.8,7.8,7.3,0,0,0,0,0,0,0.81,6.19,0.99,6.56,7.37,6.96
Pharaoh Brown,NE,TE,3,NYJ,0,0,0,0,0,0,0.21,1.89,0.01,0,0,0,0,0,0,2,71,1,0.25,0.46,0.36,13.1,15.1,14.1,0,0,0,0,0,0,1.79,69.11,0.99,12.85,14.64,13.74
CJ Uzomah,NYJ,TE,3,NE,0,0,0,0,0,0,0.18,1.79,0.01,0,0,0,0,0,0,1,9,0,0.24,0.42,0.33,0.9,1.9,1.4,0,0,0,0,0,0,0.82,7.21,-0.01,0.66,1.48,1.07
Travis Kelce,KC,TE,3,CHI,0,0,0,0,0,0,7.18,82.57,0.82,0,0,0,0,0,0,7,69,1,13.18,20.36,16.77,12.9,19.9,16.4,0,0,0,0,0,0,-0.18,-13.57,0.18,-0.28,-0.46,-0.37
Hayden Hurst,CAR,TE,3,SEA,0,0,0,0,0,0,3.59,37.04,0.21,0,0,0,0,0,0,1,11,0,4.96,8.55,6.76,1.1,2.1,1.6,0,0,0,0,0,0,-2.59,-26.04,-0.21,-3.86,-6.45,-5.15
Zach Ertz,ARI,TE,3,DAL,0,0,0,0,0,0,3.78,34.55,0.15,0,0,0,0,0,0,2,6,0,4.35,8.13,6.24,0.6,2.6,1.6,0,0,0,0,0,0,-1.78,-28.55,-0.15,-3.75,-5.53,-4.64
Cole Kmet,CHI,TE,3,KC,0,0,0,0,0,0,2.83,29.62,0.21,0,0,0,0,0,0,2,22,0,4.22,7.05,5.64,2.2,4.2,3.2,0,0,0,0,0,0,-0.83,-7.62,-0.21,-2.02,-2.85,-2.43
Noah Fant,SEA,TE,3,CAR,0,0,0,0,0,0,2.82,28.31,0.18,0,0,0,0,0,0,4,41,0,3.91,6.73,5.32,4.1,8.1,6.1,0,0,0,0,0,0,1.18,12.69,-0.18,0.19,1.37,0.78
Jake Ferguson,DAL,TE,3,ARI,0,0,0,0,0,0,2.56,24.84,0.25,0,0,0,0,0,0,5,48,0,3.98,6.54,5.26,4.8,9.8,7.3,0,0,0,0,0,0,2.44,23.16,-0.25,0.82,3.26,2.04
Trey McBride,ARI,TE,3,DAL,0,0,0,0,0,0,2.13,21.71,0.09,0,0,0,0,0,0,1,2,0,2.71,4.84,3.78,0.2,1.2,0.7,0,0,0,0,0,0,-1.13,-19.71,-0.09,-2.51,-3.64,-3.08
Colby Parkinson,SEA,TE,3,CAR,0,0,0,0,0,0,1.51,15.96,0.1,0,0,0,0,0,0,3,38,0,2.2,3.71,2.96,3.8,6.8,5.3,0,0,0,0,0,0,1.49,22.04,-0.1,1.6,3.09,2.34
Noah Gray,KC,TE,3,CHI,0,0,0,0,0,0,0.55,5.57,0.05,0,0,0,0,0,0,1,9,0,0.86,1.41,1.14,0.9,1.9,1.4,0,0,0,0,0,0,0.45,3.43,-0.05,0.04,0.49,0.26
Peyton Hendershot,DAL,TE,3,ARI,0,0,0,0,0,0,0.46,4.64,0.05,0,0,0,0,0,0,1,3,0,0.76,1.22,0.99,0.3,1.3,0.8,0,0,0,0,0,0,0.54,-1.64,-0.05,-0.46,0.08,-0.19
Tommy Tremble,CAR,TE,3,SEA,0,0,0,0,0,0,0.21,2.4,0.01,0,0,0,0,0,0,1,15,0,0.3,0.51,0.4,1.5,2.5,2,0,0,0,0,0,0,0.79,12.6,-0.01,1.2,1.99,1.6
Ian Thomas,CAR,TE,3,SEA,0,0,0,0,0,0,0.21,2.31,0.01,0,0,0,0,0,0,1,8,0,0.29,0.5,0.39,0.8,1.8,1.3,0,0,0,0,0,0,0.79,5.69,-0.01,0.51,1.3,0.9
Pat Freiermuth,PIT,TE,3,LV,0,0,0,0,0,0,3.87,35.49,0.26,0,0,0,0,0,0,3,41,1,5.11,8.98,7.04,10.1,13.1,11.6,0,0,0,0,0,0,-0.87,5.51,0.74,4.99,4.12,4.56
Dallas Goedert,PHI,TE,3,TB,0,0,0,0,0,0,3.77,41.29,0.22,0,0,0,0,0,0,5,41,0,5.45,9.22,7.34,4.1,9.1,6.6,0,0,0,0,0,0,1.23,-0.29,-0.22,-1.35,-0.12,-0.74
Tyler Higbee,LA,TE,3,CIN,0,0,0,0,0,0,3.65,31.11,0.25,0,0,0,0,0,0,5,71,0,4.61,8.26,6.44,7.1,12.1,9.6,0,0,0,0,0,0,1.35,39.89,-0.25,2.49,3.84,3.16
Cade Otton,TB,TE,3,PHI,0,0,0,0,0,0,2.74,26.12,0.17,0,0,0,0,0,0,1,16,0,3.63,6.37,5,1.6,2.6,2.1,0,0,0,0,0,0,-1.74,-10.12,-0.17,-2.03,-3.77,-2.9
Drew Sample,CIN,TE,3,LA,0,0,0,0,0,0,2.05,17.74,0.16,0,0,0,0,0,0,1,7,0,2.73,4.78,3.76,0.7,1.7,1.2,0,0,0,0,0,0,-1.05,-10.74,-0.16,-2.03,-3.08,-2.55
Mitchell Wilcox,CIN,TE,3,LA,0,0,0,0,0,0,1.68,15.67,0.14,0,0,0,0,0,0,2,10,0,2.41,4.09,3.25,1,3,2,0,0,0,0,0,0,0.32,-5.67,-0.14,-1.41,-1.09,-1.25
Jack Stoll,PHI,TE,3,TB,0,0,0,0,0,0,0.21,1.92,0.01,0,0,0,0,0,0,1,6,0,0.25,0.46,0.36,0.6,1.6,1.1,0,0,0,0,0,0,0.79,4.08,-0.01,0.35,1.14,0.75
Sam LaPorta,DET,TE,4,GB,0,0,0,0,0,0,4.33,45.98,0.36,0,0,0,0,0,0,4,56,0,6.76,11.09,8.93,5.6,9.6,7.6,0,0,0,0,0,0,-0.33,10.02,-0.36,-1.16,-1.49,-1.33
Luke Musgrave,GB,TE,4,DET,0,0,0,0,0,0,3.16,35.6,0.25,0,0,0,0,0,0,1,1,0,5.06,8.22,6.64,0.1,1.1,0.6,0,0,0,0,0,0,-2.16,-34.6,-0.25,-4.96,-7.12,-6.04
Josiah Deguara,GB,TE,4,DET,0,0,0,0,0,0,0.22,2.32,0.02,0,0,0,0,0,0,4,34,0,0.35,0.57,0.46,3.4,7.4,5.4,0,0,0,0,0,0,3.78,31.68,-0.02,3.05,6.83,4.94
Taysom Hill,NO,TE,4,TB,0,0,0,2.92,14.24,1.1,0.8,7.57,0.03,13,0,0,4,10,0,1,7,0,8.96,9.76,9.36,2.22,3.22,2.72,13,0,0,1.08,-4.24,-1.1,0.2,-0.57,-0.03,-6.74,-6.54,-6.64
Mark Andrews,BAL,TE,4,CLE,0,0,0,0,0,0,5.27,55.63,0.36,0,0,0,0,0,0,5,80,2,7.72,12.99,10.36,20,25,22.5,0,0,0,0,0,0,-0.27,24.37,1.64,12.28,12.01,12.14
TJ Hockenson,MIN,TE,4,CAR,0,0,0,0,0,0,5.13,47.91,0.44,0,0,0,0,0,0,2,24,0,7.43,12.56,9.99,2.4,4.4,3.4,0,0,0,0,0,0,-3.13,-23.91,-0.44,-5.03,-8.16,-6.59
Evan Engram,JAC,TE,4,ATL,0,0,0,0,0,0,4.3,43.96,0.3,0,0,0,0,0,0,7,59,0,6.2,10.5,8.35,5.9,12.9,9.4,0,0,0,0,0,0,2.7,15.04,-0.3,-0.3,2.4,1.05
Kyle Pitts,ATL,TE,4,JAC,0,0,0,0,0,0,3.37,45.83,0.25,0,0,0,0,0,0,2,21,0,6.08,9.45,7.76,2.1,4.1,3.1,0,0,0,0,0,0,-1.37,-24.83,-0.25,-3.98,-5.35,-4.67
Dallas Goedert,PHI,TE,4,WSH,0,0,0,0,0,0,3.65,39.34,0.22,0,0,0,0,0,0,2,25,0,5.25,8.9,7.08,2.5,4.5,3.5,0,0,0,0,0,0,-1.65,-14.34,-0.22,-2.75,-4.4,-3.58
Dawson Knox,BUF,TE,4,MIA,0,0,0,0,0,0,3.04,31.25,0.33,0,0,0,0,0,0,1,12,0,5.11,8.15,6.63,1.2,2.2,1.7,0,0,0,0,0,0,-2.04,-19.25,-0.33,-3.91,-5.95,-4.93
Tyler Higbee,LA,TE,4,IND,0,0,0,0,0,0,3.76,33.16,0.28,0,0,0,0,0,0,5,64,0,5,8.76,6.88,6.4,11.4,8.9,0,0,0,0,0,0,1.24,30.84,-0.28,1.4,2.64,2.02
Pat Freiermuth,PIT,TE,4,HOU,0,0,0,0,0,0,3.38,34.09,0.25,0,0,0,0,0,0,3,7,0,4.91,8.29,6.6,0.7,3.7,2.2,0,0,0,0,0,0,-0.38,-27.09,-0.25,-4.21,-4.59,-4.4
Cole Kmet,CHI,TE,4,DEN,0,0,0,0,0,0,3.15,32.92,0.25,0,0,0,1,1,0,7,85,2,4.79,7.94,6.36,20.6,27.6,24.1,0,0,0,1,1,0,3.85,52.08,1.75,15.81,19.66,17.74
Chigoziem Okonkwo,TEN,TE,4,CIN,0,0,0,0,0,0,3,35.21,0.18,0,0,0,0,0,0,3,29,0,4.6,7.6,6.1,2.9,5.9,4.4,0,0,0,0,0,0,0,-6.21,-0.18,-1.7,-1.7,-1.7
Dalton Kincaid,BUF,TE,4,MIA,0,0,0,0,0,0,3.04,29.32,0.27,0,0,0,0,0,0,4,27,0,4.55,7.59,6.07,2.7,6.7,4.7,0,0,0,0,0,0,0.96,-2.32,-0.27,-1.85,-0.89,-1.37
Dalton Schultz,HOU,TE,4,PIT,0,0,0,0,0,0,3.14,31.06,0.21,0,0,0,0,0,0,3,42,1,4.37,7.51,5.94,10.2,13.2,11.7,0,0,0,0,0,0,-0.14,10.94,0.79,5.83,5.69,5.76
Hayden Hurst,CAR,TE,4,MIN,0,0,0,0,0,0,3.24,29.29,0.23,0,0,0,0,0,0,1,7,0,4.31,7.55,5.93,0.7,1.7,1.2,0,0,0,0,0,0,-2.24,-22.29,-0.23,-3.61,-5.85,-4.73
Logan Thomas,WSH,TE,4,PHI,0,0,0,0,0,0,3.22,29.04,0.19,0,0,0,1,2,0,3,41,0,4.04,7.26,5.65,4.3,7.3,5.8,0,0,0,1,2,0,-0.22,11.96,-0.19,0.26,0.04,0.15
David Njoku,CLE,TE,4,BAL,0,0,0,0,0,0,3.04,27.9,0.17,0,0,0,0,0,0,6,46,0,3.81,6.85,5.33,4.6,10.6,7.6,0,0,0,0,0,0,2.96,18.1,-0.17,0.79,3.75,2.27
Cade Otton,TB,TE,4,NO,0,0,0,0,0,0,2.47,22.57,0.14,0,0,0,0,0,0,3,13,1,3.1,5.57,4.34,7.3,10.3,8.8,0,0,0,0,0,0,0.53,-9.57,0.86,4.2,4.73,4.47
Tanner Hudson,CIN,TE,4,TEN,0,0,0,0,0,0,2.13,21.25,0.15,0,0,0,0,0,0,2,18,0,3.02,5.15,4.08,1.8,3.8,2.8,0,0,0,0,0,0,-0.13,-3.25,-0.15,-1.22,-1.35,-1.28
Durham Smythe,MIA,TE,4,BUF,0,0,0,0,0,0,2.02,18.66,0.13,0,0,0,0,0,0,4,41,0,2.65,4.67,3.66,4.1,8.1,6.1,0,0,0,0,0,0,1.98,22.34,-0.13,1.45,3.43,2.44
Kylen Granson,IND,TE,4,LA,0,0,0,0,0,0,1.69,17.24,0.14,0,0,0,0,0,0,2,24,0,2.56,4.25,3.4,2.4,4.4,3.4,0,0,0,0,0,0,0.31,6.76,-0.14,-0.16,0.15,-0.01
Jonnu Smith,ATL,TE,4,JAC,0,0,0,0,0,0,1.45,14.81,0.11,0,0,0,0,0,0,6,95,0,2.14,3.59,2.86,9.5,15.5,12.5,0,0,0,0,0,0,4.55,80.19,-0.11,7.36,11.91,9.64
Andrew Ogletree,IND,TE,4,LA,0,0,0,0,0,0,1.29,13.89,0.11,0,0,0,0,0,0,3,48,1,2.05,3.34,2.7,10.8,13.8,12.3,0,0,0,0,0,0,1.71,34.11,0.89,8.75,10.46,9.6
Mitchell Wilcox,CIN,TE,4,TEN,0,0,0,0,0,0,1.22,11.21,0.08,0,0,0,0,0,0,1,7,0,1.6,2.82,2.21,0.7,1.7,1.2,0,0,0,0,0,0,-0.22,-4.21,-0.08,-0.9,-1.12,-1.01
Harrison Bryant,CLE,TE,4,BAL,0,0,0,0,0,0,0.99,8.34,0.05,0,0,0,1,2,0,1,2,0,1.13,2.12,1.62,0.4,1.4,0.9,0,0,0,1,2,0,0.01,-6.34,-0.05,-0.73,-0.72,-0.72
Luke Farrell,JAC,TE,4,ATL,0,0,0,0,0,0,0.72,7.22,0.06,0,0,0,0,0,0,2,10,0,1.08,1.8,1.44,1,3,2,0,0,0,0,0,0,1.28,2.78,-0.06,-0.08,1.2,0.56
Mo Alie-Cox,IND,TE,4,LA,0,0,0,0,0,0,0.54,6.78,0.05,0,0,0,0,0,0,1,35,1,0.98,1.52,1.25,9.5,10.5,10,0,0,0,0,0,0,0.46,28.22,0.95,8.52,8.98,8.75
Chris Manhertz,DEN,TE,4,CHI,0,0,0,0,0,0,0.46,4.84,0.05,0,0,0,0,0,0,1,10,0,0.78,1.24,1.01,1,2,1.5,0,0,0,0,0,0,0.54,5.16,-0.05,0.22,0.76,0.49
Nate Adkins,DEN,TE,4,CHI,0,0,0,0,0,0,0.46,4.84,0.05,0,0,0,0,0,0,2,8,0,0.78,1.24,1.01,0.8,2.8,1.8,0,0,0,0,0,0,1.54,3.16,-0.05,0.02,1.56,0.79
John Bates,WSH,TE,4,PHI,0,0,0,0,0,0,0.42,4.24,0.02,0,0,0,0,0,0,1,6,0,0.54,0.96,0.75,0.6,1.6,1.1,0,0,0,0,0,0,0.58,1.76,-0.02,0.06,0.64,0.35
Marcedes Lewis,CHI,TE,4,DEN,0,0,0,0,0,0,0.32,3.32,0.03,0,0,0,0,0,0,1,8,0,0.51,0.83,0.67,0.8,1.8,1.3,0,0,0,0,0,0,0.68,4.68,-0.03,0.29,0.97,0.63
Brycen Hopkins,LA,TE,4,IND,0,0,0,0,0,0,0.25,2.48,0.02,0,0,0,0,0,0,1,5,0,0.37,0.62,0.5,0.5,1.5,1,0,0,0,0,0,0,0.75,2.52,-0.02,0.13,0.88,0.5
Robert Tonyan,CHI,TE,4,DEN,0,0,0,0,0,0,0.19,1.82,0.02,0,0,0,0,0,0,2,18,0,0.3,0.49,0.4,1.8,3.8,2.8,0,0,0,0,0,0,1.81,16.18,-0.02,1.5,3.31,2.4
Jordan Akins,CLE,TE,4,BAL,0,0,0,0,0,0,0.22,2.17,0.01,0,0,0,0,0,0,1,6,0,0.28,0.5,0.39,0.6,1.6,1.1,0,0,0,0,0,0,0.78,3.83,-0.01,0.32,1.1,0.71
George Kittle,SF,TE,4,ARI,0,0,0,0,0,0,4.05,46.21,0.37,0,0,0,0,0,0,1,9,0,6.84,10.89,8.86,0.9,1.9,1.4,0,0,0,0,0,0,-3.05,-37.21,-0.37,-5.94,-8.99,-7.46
Gerald Everett,LAC,TE,4,LV,0,0,0,0,0,0,3.61,32.52,0.32,0,0,0,0,0,0,2,9,0,5.17,8.78,6.98,0.9,2.9,1.9,0,0,0,0,0,0,-1.61,-23.52,-0.32,-4.27,-5.88,-5.07
Hunter Henry,NE,TE,4,DAL,0,0,0,0,0,0,3.01,31.89,0.2,0,0,0,0,0,0,4,51,0,4.39,7.4,5.9,5.1,9.1,7.1,0,0,0,0,0,0,0.99,19.11,-0.2,0.71,1.7,1.2
Zach Ertz,ARI,TE,4,SF,0,0,0,0,0,0,3.71,32.71,0.14,0,0,0,0,0,0,6,53,0,4.11,7.82,5.96,5.3,11.3,8.3,0,0,0,0,0,0,2.29,20.29,-0.14,1.19,3.48,2.34
Jake Ferguson,DAL,TE,4,NE,0,0,0,0,0,0,2.65,24.38,0.25,0,0,0,0,0,0,7,77,0,3.94,6.59,5.26,7.7,14.7,11.2,0,0,0,0,0,0,4.35,52.62,-0.25,3.76,8.11,5.94
Austin Hooper,LV,TE,4,LAC,0,0,0,0,0,0,1.7,18.03,0.11,0,0,0,0,0,0,1,11,0,2.46,4.16,3.31,1.1,2.1,1.6,0,0,0,0,0,0,-0.7,-7.03,-0.11,-1.36,-2.06,-1.71
Trey McBride,ARI,TE,4,SF,0,0,0,0,0,0,1.92,19.34,0.07,0,0,0,0,0,0,1,5,0,2.35,4.27,3.31,0.5,1.5,1,0,0,0,0,0,0,-0.92,-14.34,-0.07,-1.85,-2.77,-2.31
Mike Gesicki,NE,TE,4,DAL,0,0,0,0,0,0,1.66,16.07,0.1,0,0,0,0,0,0,1,12,0,2.21,3.87,3.04,1.2,2.2,1.7,0,0,0,0,0,0,-0.66,-4.07,-0.1,-1.01,-1.67,-1.34
Travis Kelce,KC,TE,4,NYJ,0,0,0,0,0,0,6.66,77.08,0.62,0,0,0,0,0,0,6,60,0,11.43,18.09,14.76,6,12,9,0,0,0,0,0,0,-0.66,-17.08,-0.62,-5.43,-6.09,-5.76
Tyler Conklin,NYJ,TE,4,KC,0,0,0,0,0,0,2.44,24.29,0.13,0,0,0,0,0,0,4,58,0,3.21,5.65,4.43,5.8,9.8,7.8,0,0,0,0,0,0,1.56,33.71,-0.13,2.59,4.15,3.37
CJ Uzomah,NYJ,TE,4,KC,0,0,0,0,0,0,0.88,9.25,0.05,0,0,0,0,0,0,1,1,1,1.23,2.11,1.67,6.1,7.1,6.6,0,0,0,0,0,0,0.12,-8.25,0.95,4.87,4.99,4.93
Noah Gray,KC,TE,4,NYJ,0,0,0,0,0,0,1.03,10.58,0.08,0,0,0,0,0,0,1,34,1,1.54,2.57,2.06,9.4,10.4,9.9,0,0,0,0,0,0,-0.03,23.42,0.92,7.86,7.83,7.85
Jeremy Ruckert,NYJ,TE,4,KC,0,0,0,0,0,0,0.17,1.85,0.01,0,0,0,0,0,0,2,26,0,0.24,0.41,0.32,2.6,4.6,3.6,0,0,0,0,0,0,1.83,24.15,-0.01,2.36,4.19,3.28
Darren Waller,NYG,TE,4,SEA,0,0,0,0,0,0,3.98,46.33,0.25,0,0,0,0,0,0,3,21,0,6.13,10.11,8.12,2.1,5.1,3.6,0,0,0,0,0,0,-0.98,-25.33,-0.25,-4.03,-5.01,-4.52
Noah Fant,SEA,TE,4,NYG,0,0,0,0,0,0,2.47,25.41,0.16,0,0,0,0,0,0,2,63,0,3.5,5.97,4.74,6.3,8.3,7.3,0,0,0,0,0,0,-0.47,37.59,-0.16,2.8,2.33,2.56
Daniel Bellinger,NYG,TE,4,SEA,0,0,0,0,0,0,1.25,12.16,0.08,0,0,0,0,0,0,1,6,0,1.7,2.95,2.33,0.6,1.6,1.1,0,0,0,0,0,0,-0.25,-6.16,-0.08,-1.1,-1.35,-1.23
Logan Thomas,WSH,TE,5,CHI,0,0,0,0.28,1.36,0.01,3.27,29.35,0.27,0,0,0,0,0,0,9,77,1,4.75,8.02,6.38,13.7,22.7,18.2,0,0,0,-0.28,-1.36,-0.01,5.73,47.65,0.73,8.95,14.68,11.82
Cole Kmet,CHI,TE,5,WSH,0,0,0,0,0,0,3.15,33.04,0.24,0,0,0,0,0,0,5,42,1,4.74,7.89,6.32,10.2,15.2,12.7,0,0,0,0,0,0,1.85,8.96,0.76,5.46,7.31,6.38
Robert Tonyan,CHI,TE,5,WSH,0,0,0,0,0,0,0.93,8.89,0.08,0,0,0,0,0,0,2,10,0,1.37,2.3,1.84,1,3,2,0,0,0,0,0,0,1.07,1.11,-0.08,-0.37,0.7,0.16
John Bates,WSH,TE,5,CHI,0,0,0,0,0,0,0.8,7.86,0.06,0,0,0,0,0,0,2,19,0,1.15,1.95,1.55,1.9,3.9,2.9,0,0,0,0,0,0,1.2,11.14,-0.06,0.75,1.95,1.35
Cole Turner,WSH,TE,5,CHI,0,0,0,0,0,0,0.22,2.18,0.02,0,0,0,0,0,0,1,9,0,0.34,0.56,0.45,0.9,1.9,1.4,0,0,0,0,0,0,0.78,6.82,-0.02,0.56,1.34,0.95
Sam LaPorta,DET,TE,5,CAR,0,0,0,0,0,0,5.07,53.4,0.43,0,0,0,0,0,0,3,47,2,7.92,12.99,10.46,16.7,19.7,18.2,0,0,0,0,0,0,-2.07,-6.4,1.57,8.78,6.71,7.74
Mark Andrews,BAL,TE,5,PIT,0,0,0,0,0,0,4.97,53.52,0.4,0,0,0,0,0,0,6,65,0,7.75,12.72,10.24,6.5,12.5,9.5,0,0,0,0,0,0,1.03,11.48,-0.4,-1.25,-0.22,-0.73
Darren Waller,NYG,TE,5,MIA,0,0,0,0,0,0,4.18,44.12,0.22,0,0,0,0,0,0,8,86,0,5.73,9.91,7.82,8.6,16.6,12.6,0,0,0,0,0,0,3.82,41.88,-0.22,2.87,6.69,4.78
Kyle Pitts,ATL,TE,5,HOU,0,0,0,0,0,0,2.97,38.92,0.22,0,0,0,0,0,0,7,87,0,5.21,8.18,6.7,8.7,15.7,12.2,0,0,0,0,0,0,4.03,48.08,-0.22,3.49,7.52,5.5
Dalton Schultz,HOU,TE,5,ATL,0,0,0,0,0,0,3.65,36.32,0.26,0,0,0,0,0,0,7,65,1,5.19,8.84,7.02,12.5,19.5,16,0,0,0,0,0,0,3.35,28.68,0.74,7.31,10.66,8.98
Evan Engram,JAC,TE,5,BUF,0,0,0,0,0,0,4.12,37.61,0.22,0,0,0,0,0,0,4,28,0,5.08,9.2,7.14,2.8,6.8,4.8,0,0,0,0,0,0,-0.12,-9.61,-0.22,-2.28,-2.4,-2.34
Dalton Kincaid,BUF,TE,5,JAC,0,0,0,0,0,0,3.21,33.25,0.26,0,0,0,0,0,0,2,19,0,4.88,8.09,6.48,1.9,3.9,2.9,0,0,0,0,0,0,-1.21,-14.25,-0.26,-2.98,-4.19,-3.58
Dawson Knox,BUF,TE,5,JAC,0,0,0,0,0,0,2.82,31.86,0.28,0,0,0,0,0,0,3,17,0,4.87,7.69,6.28,1.7,4.7,3.2,0,0,0,0,0,0,0.18,-14.86,-0.28,-3.17,-2.99,-3.08
Chigoziem Okonkwo,TEN,TE,5,IND,0,0,0,0,0,0,2.99,35.21,0.21,0,0,0,0,0,0,5,33,0,4.78,7.77,6.28,3.3,8.3,5.8,0,0,0,0,0,0,2.01,-2.21,-0.21,-1.48,0.53,-0.48
Taysom Hill,NO,TE,5,NE,0,0,0,3.42,16.06,0.16,1.22,11.96,0.09,0,0,0,3,19,0,1,1,0,4.3,5.52,4.91,2,3,2.5,0,0,0,-0.42,2.94,-0.16,-0.22,-10.96,-0.09,-2.3,-2.52,-2.41
Jonnu Smith,ATL,TE,5,HOU,0,0,0,0,0,0,2.16,21.72,0.17,0,0,0,0,0,0,6,67,0,3.19,5.35,4.27,6.7,12.7,9.7,0,0,0,0,0,0,3.84,45.28,-0.17,3.51,7.35,5.43
Hayden Hurst,CAR,TE,5,DET,0,0,0,0,0,0,2.58,22.94,0.15,0,0,0,0,0,0,3,21,0,3.19,5.77,4.48,2.1,5.1,3.6,0,0,0,0,0,0,0.42,-1.94,-0.15,-1.09,-0.67,-0.88
Foster Moreau,NO,TE,5,NE,0,0,0,0,0,0,1.73,19.31,0.12,0,0,0,0,0,0,1,6,1,2.65,4.38,3.51,6.6,7.6,7.1,0,0,0,0,0,0,-0.73,-13.31,0.88,3.95,3.22,3.58
Kylen Granson,IND,TE,5,TEN,0,0,0,0,0,0,1.6,17.21,0.12,0,0,0,0,0,0,2,15,0,2.44,4.04,3.24,1.5,3.5,2.5,0,0,0,0,0,0,0.4,-2.21,-0.12,-0.94,-0.54,-0.74
Connor Heyward,PIT,TE,5,BAL,0,0,0,0,0,0,1.8,17.04,0.1,0,0,0,0,0,0,3,23,0,2.3,4.1,3.2,2.3,5.3,3.8,0,0,0,0,0,0,1.2,5.96,-0.1,0,1.2,0.6
Mike Gesicki,NE,TE,5,NO,0,0,0,0,0,0,1.62,15.69,0.11,0,0,0,0,0,0,2,17,0,2.23,3.85,3.04,1.7,3.7,2.7,0,0,0,0,0,0,0.38,1.31,-0.11,-0.53,-0.15,-0.34
Andrew Ogletree,IND,TE,5,TEN,0,0,0,0,0,0,0.89,10.19,0.07,0,0,0,0,0,0,2,16,0,1.44,2.33,1.88,1.6,3.6,2.6,0,0,0,0,0,0,1.11,5.81,-0.07,0.16,1.27,0.72
Daniel Bellinger,NYG,TE,5,MIA,0,0,0,0,0,0,1.07,9.26,0.06,0,0,0,0,0,0,1,7,0,1.29,2.36,1.83,0.7,1.7,1.2,0,0,0,0,0,0,-0.07,-2.26,-0.06,-0.59,-0.66,-0.63
Josh Whyle,TEN,TE,5,IND,0,0,0,0,0,0,0.83,9.02,0.06,0,0,0,0,0,0,1,7,0,1.26,2.09,1.68,0.7,1.7,1.2,0,0,0,0,0,0,0.17,-2.02,-0.06,-0.56,-0.39,-0.48
Ian Thomas,CAR,TE,5,DET,0,0,0,0,0,0,0.65,6.26,0.04,0,0,0,0,0,0,1,28,0,0.87,1.52,1.2,2.8,3.8,3.3,0,0,0,0,0,0,0.35,21.74,-0.04,1.93,2.28,2.1
Brock Wright,DET,TE,5,CAR,0,0,0,0,0,0,0.45,4.67,0.04,0,0,0,0,0,0,3,16,0,0.71,1.16,0.94,1.6,4.6,3.1,0,0,0,0,0,0,2.55,11.33,-0.04,0.89,3.44,2.16
Mo Alie-Cox,IND,TE,5,TEN,0,0,0,0,0,0,0.39,5.15,0.03,0,0,0,0,0,0,1,17,0,0.7,1.09,0.9,1.7,2.7,2.2,0,0,0,0,0,0,0.61,11.85,-0.03,1,1.61,1.31
Luke Farrell,JAC,TE,5,BUF,0,0,0,0,0,0,0.48,4.29,0.03,0,0,0,0,0,0,1,16,0,0.61,1.09,0.85,1.6,2.6,2.1,0,0,0,0,0,0,0.52,11.71,-0.03,0.99,1.51,1.25
MyCole Pruitt,ATL,TE,5,HOU,0,0,0,0,0,0,0.37,3.75,0.03,0,0,0,0,0,0,1,22,0,0.55,0.92,0.74,2.2,3.2,2.7,0,0,0,0,0,0,0.63,18.25,-0.03,1.65,2.28,1.96
Teagan Quitoriano,HOU,TE,5,ATL,0,0,0,0,0,0,0.23,2.42,0.02,0,0,0,0,0,0,1,22,0,0.36,0.59,0.48,2.2,3.2,2.7,0,0,0,0,0,0,0.77,19.58,-0.02,1.84,2.61,2.22
Trevon Wesco,TEN,TE,5,IND,0,0,0,0,0,0,0.2,2.27,0.01,0,0,0,0,0,0,1,21,0,0.29,0.49,0.39,2.1,3.1,2.6,0,0,0,0,0,0,0.8,18.73,-0.01,1.81,2.61,2.21
Tommy Tremble,CAR,TE,5,DET,0,0,0,0,0,0,0.22,2.2,0.01,0,0,0,0,0,0,1,1,1,0.28,0.5,0.39,6.1,7.1,6.6,0,0,0,0,0,0,0.78,-1.2,0.99,5.82,6.6,6.21
Travis Kelce,KC,TE,5,MIN,0,0,0,0,0,0,6.95,81.11,0.79,0,0,0,0,0,0,10,67,1,12.85,19.8,16.32,12.7,22.7,17.7,0,0,0,0,0,0,3.05,-14.11,0.21,-0.15,2.9,1.38
TJ Hockenson,MIN,TE,5,KC,0,0,0,0,0,0,5.42,51.43,0.48,0,0,0,0,0,0,5,51,0,8.02,13.44,10.73,5.1,10.1,7.6,0,0,0,0,0,0,-0.42,-0.43,-0.48,-2.92,-3.34,-3.13
Dallas Goedert,PHI,TE,5,LA,0,0,0,0,0,0,4.05,45.61,0.31,0,0,0,0,0,0,8,117,1,6.42,10.47,8.44,17.7,25.7,21.7,0,0,0,0,0,0,3.95,71.39,0.69,11.28,15.23,13.26
Zach Ertz,ARI,TE,5,CIN,0,0,0,0,0,0,4.07,36.99,0.24,0,0,0,0,0,0,2,10,1,5.14,9.21,7.18,7,9,8,0,0,0,0,0,0,-2.07,-26.99,0.76,1.86,-0.21,0.83
Tyler Higbee,LA,TE,5,PHI,0,0,0,0,0,0,3.27,28.47,0.23,0,0,0,0,0,0,2,20,0,4.23,7.5,5.86,2,4,3,0,0,0,0,0,0,-1.27,-8.47,-0.23,-2.23,-3.5,-2.86
Tyler Conklin,NYJ,TE,5,DEN,0,0,0,0,0,0,2.83,28.67,0.17,0,0,0,0,0,0,4,67,0,3.89,6.72,5.3,6.7,10.7,8.7,0,0,0,0,0,0,1.17,38.33,-0.17,2.81,3.98,3.39
Adam Trautman,DEN,TE,5,NYJ,0,0,0,0,0,0,1.83,19.59,0.16,0,0,0,0,0,0,4,26,1,2.92,4.75,3.84,8.6,12.6,10.6,0,0,0,0,0,0,2.17,6.41,0.84,5.68,7.85,6.76
Noah Gray,KC,TE,5,MIN,0,0,0,0,0,0,1.32,13.98,0.13,0,0,0,0,0,0,2,21,0,2.18,3.5,2.84,2.1,4.1,3.1,0,0,0,0,0,0,0.68,7.02,-0.13,-0.08,0.6,0.26
Trey McBride,ARI,TE,5,CIN,0,0,0,0,0,0,1.49,15.22,0.09,0,0,0,0,0,0,2,17,0,2.06,3.55,2.8,1.7,3.7,2.7,0,0,0,0,0,0,0.51,1.78,-0.09,-0.36,0.15,-0.1
CJ Uzomah,NYJ,TE,5,DEN,0,0,0,0,0,0,0.69,7.28,0.05,0,0,0,0,0,0,2,12,0,1.03,1.72,1.38,1.2,3.2,2.2,0,0,0,0,0,0,1.31,4.72,-0.05,0.17,1.48,0.83
Jeremy Ruckert,NYJ,TE,5,DEN,0,0,0,0,0,0,0.59,6.31,0.04,0,0,0,0,0,0,1,2,0,0.87,1.46,1.16,0.2,1.2,0.7,0,0,0,0,0,0,0.41,-4.31,-0.04,-0.67,-0.26,-0.47
Geoff Swaim,ARI,TE,5,CIN,0,0,0,0,0,0,0.7,5.79,0.04,0,0,0,0,0,0,2,22,0,0.82,1.52,1.17,2.2,4.2,3.2,0,0,0,0,0,0,1.3,16.21,-0.04,1.38,2.68,2.03
Josh Oliver,MIN,TE,5,KC,0,0,0,0,0,0,0.48,4.36,0.04,0,0,0,0,0,0,1,15,0,0.68,1.16,0.92,1.5,2.5,2,0,0,0,0,0,0,0.52,10.64,-0.04,0.82,1.34,1.08
Johnny Mundt,MIN,TE,5,KC,0,0,0,0,0,0,0.25,2.25,0.02,0,0,0,0,0,0,1,11,0,0.34,0.59,0.46,1.1,2.1,1.6,0,0,0,0,0,0,0.75,8.75,-0.02,0.76,1.51,1.14
Jack Stoll,PHI,TE,5,LA,0,0,0,0,0,0,0.22,2.15,0.02,0,0,0,0,0,0,1,4,0,0.34,0.56,0.45,0.4,1.4,0.9,0,0,0,0,0,0,0.78,1.85,-0.02,0.06,0.84,0.45
George Kittle,SF,TE,5,DAL,0,0,0,0,0,0,3.99,44.09,0.27,0,0,0,0,0,0,3,67,3,6.03,10.02,8.02,24.7,27.7,26.2,0,0,0,0,0,0,-0.99,22.91,2.73,18.67,17.68,18.17
Jake Ferguson,DAL,TE,5,SF,0,0,0,0,0,0,3.07,28.51,0.2,0,0,0,0,0,0,3,28,0,4.05,7.12,5.58,2.8,5.8,4.3,0,0,0,0,0,0,-0.07,-0.51,-0.2,-1.25,-1.32,-1.28
Luke Musgrave,GB,TE,5,LV,0,0,0,0,0,0,2.98,30.2,0.22,0,0,0,0,0,0,6,34,0,4.34,7.32,5.83,3.4,9.4,6.4,0,0,0,0,0,0,3.02,3.8,-0.22,-0.94,2.08,0.57
Austin Hooper,LV,TE,5,GB,0,0,0,0,0,0,2.13,21.56,0.17,0,0,0,0,0,0,2,11,0,3.18,5.31,4.24,1.1,3.1,2.1,0,0,0,0,0,0,-0.13,-10.56,-0.17,-2.08,-2.21,-2.14
Josiah Deguara,GB,TE,5,LV,0,0,0,0,0,0,1.13,10.67,0.08,0,0,0,0,0,0,1,19,0,1.55,2.68,2.12,1.9,2.9,2.4,0,0,0,0,0,0,-0.13,8.33,-0.08,0.35,0.22,0.28
Michael Mayer,LV,TE,5,GB,0,0,0,0,0,0,0.44,4.52,0.04,0,0,0,0,0,0,2,39,0,0.69,1.13,0.91,3.9,5.9,4.9,0,0,0,0,0,0,1.56,34.48,-0.04,3.21,4.77,3.99
Travis Kelce,KC,TE,6,DEN,0,0,0,0,0,0,6.08,70.06,0.71,0,0,0,0,0,0,9,131,0,11.27,17.35,14.31,13.1,22.1,17.6,0,0,0,0,0,0,2.92,60.94,-0.71,1.83,4.75,3.29
Greg Dulcich,DEN,TE,6,KC,0,0,0,0,0,0,1.56,17.64,0.12,0,0,0,0,0,0,1,3,0,2.48,4.04,3.26,0.3,1.3,0.8,0,0,0,0,0,0,-0.56,-14.64,-0.12,-2.18,-2.74,-2.46
Noah Gray,KC,TE,6,DEN,0,0,0,0,0,0,1.28,13.39,0.14,0,0,0,1,1,0,2,7,0,2.18,3.46,2.82,0.8,2.8,1.8,0,0,0,1,1,0,0.72,-6.39,-0.14,-1.38,-0.66,-1.02
Adam Trautman,DEN,TE,6,KC,0,0,0,0,0,0,1.28,13.86,0.1,0,0,0,0,0,0,1,4,0,1.99,3.27,2.63,0.4,1.4,0.9,0,0,0,0,0,0,-0.28,-9.86,-0.1,-1.59,-1.87,-1.73
TJ Hockenson,MIN,TE,6,CHI,0,0,0,0,0,0,5.81,60.41,0.47,0,0,0,0,0,0,6,50,0,8.86,14.67,11.76,5,11,8,0,0,0,0,0,0,0.19,-10.41,-0.47,-3.86,-3.67,-3.76
Mark Andrews,BAL,TE,6,TEN,0,0,0,0,0,0,4.93,53.24,0.43,0,0,0,1,0,0,4,69,0,7.9,12.83,10.36,6.9,10.9,8.9,0,0,0,1,0,0,-0.93,15.76,-0.43,-1,-1.93,-1.46
Evan Engram,JAC,TE,6,IND,0,0,0,0,0,0,4.74,46.83,0.26,0,0,0,0,0,0,7,41,0,6.24,10.98,8.61,4.1,11.1,7.6,0,0,0,0,0,0,2.26,-5.83,-0.26,-2.14,0.12,-1.01
George Kittle,SF,TE,6,CLE,0,0,0,0,0,0,3.62,44.77,0.24,0,0,0,0,0,0,1,1,0,5.92,9.54,7.73,0.1,1.1,0.6,0,0,0,0,0,0,-2.62,-43.77,-0.24,-5.82,-8.44,-7.13
Kyle Pitts,ATL,TE,6,WSH,0,0,0,0,0,0,3.34,43.88,0.23,0,0,0,0,0,0,4,43,1,5.77,9.11,7.44,10.3,14.3,12.3,0,0,0,0,0,0,0.66,-0.88,0.77,4.53,5.19,4.86
Dalton Schultz,HOU,TE,6,NO,0,0,0,0,0,0,3.88,37.74,0.26,0,0,0,0,0,0,4,61,1,5.33,9.21,7.27,12.1,16.1,14.1,0,0,0,0,0,0,0.12,23.26,0.74,6.77,6.89,6.83
Cole Kmet,CHI,TE,6,MIN,0,0,0,0,0,0,3.44,34.89,0.27,0,0,0,0,0,0,2,9,0,5.11,8.55,6.83,0.9,2.9,1.9,0,0,0,0,0,0,-1.44,-25.89,-0.27,-4.21,-5.65,-4.93
Logan Thomas,WSH,TE,6,ATL,0,0,0,0,0,0,3.7,34.78,0.23,0,0,0,0,0,0,1,2,0,4.86,8.56,6.71,0.2,1.2,0.7,0,0,0,0,0,0,-2.7,-32.78,-0.23,-4.66,-7.36,-6.01
Chigoziem Okonkwo,TEN,TE,6,BAL,0,0,0,0,0,0,3.18,33.66,0.16,0,0,0,0,0,0,2,18,0,4.33,7.51,5.92,1.8,3.8,2.8,0,0,0,0,0,0,-1.18,-15.66,-0.16,-2.53,-3.71,-3.12
Taysom Hill,NO,TE,6,HOU,0,0,0,2.8,18,0.11,1.06,10.42,0.08,4,0,0,1,2,0,7,49,0,3.98,5.04,4.51,5.26,12.26,8.76,4,0,0,-1.8,-16,-0.11,5.94,38.58,-0.08,1.28,7.22,4.25
Jonnu Smith,ATL,TE,6,WSH,0,0,0,0,0,0,2.53,25.15,0.19,0,0,0,0,0,0,4,36,1,3.66,6.19,4.92,9.6,13.6,11.6,0,0,0,0,0,0,1.47,10.85,0.81,5.94,7.41,6.68
Irv Smith,CIN,TE,6,SEA,0,0,0,0,0,0,2.47,23.15,0.17,0,0,0,0,0,0,1,5,0,3.34,5.81,4.58,0.5,1.5,1,0,0,0,0,0,0,-1.47,-18.15,-0.17,-2.84,-4.31,-3.58
Hayden Hurst,CAR,TE,6,MIA,0,0,0,0,0,0,3.02,24.9,0.14,0,0,0,0,0,0,1,16,0,3.33,6.35,4.84,1.6,2.6,2.1,0,0,0,0,0,0,-2.02,-8.9,-0.14,-1.73,-3.75,-2.74
Noah Fant,SEA,TE,6,CIN,0,0,0,0,0,0,2.37,25.29,0.12,0,0,0,0,0,0,1,9,0,3.25,5.62,4.44,0.9,1.9,1.4,0,0,0,0,0,0,-1.37,-16.29,-0.12,-2.35,-3.72,-3.04
David Njoku,CLE,TE,6,SF,0,0,0,0,0,0,2.89,25.74,0.08,0,0,0,0,0,0,3,24,0,3.05,5.94,4.5,2.4,5.4,3.9,0,0,0,0,0,0,0.11,-1.74,-0.08,-0.65,-0.54,-0.6
Kylen Granson,IND,TE,6,JAC,0,0,0,0,0,0,2.05,21.65,0.13,0,0,0,0,0,0,3,67,0,2.94,4.99,3.96,6.7,9.7,8.2,0,0,0,0,0,0,0.95,45.35,-0.13,3.76,4.71,4.23
Robert Tonyan,CHI,TE,6,MIN,0,0,0,0,0,0,1.47,13.29,0.14,0,0,0,0,0,0,1,11,0,2.17,3.64,2.9,1.1,2.1,1.6,0,0,0,0,0,0,-0.47,-2.29,-0.14,-1.07,-1.54,-1.3
Colby Parkinson,SEA,TE,6,CIN,0,0,0,0,0,0,1.41,14.67,0.09,0,0,0,0,0,0,3,19,0,2.01,3.42,2.72,1.9,4.9,3.4,0,0,0,0,0,0,1.59,4.33,-0.09,-0.11,1.48,0.68
Will Dissly,SEA,TE,6,CIN,0,0,0,0,0,0,1.24,13.08,0.08,0,0,0,0,0,0,1,4,0,1.79,3.03,2.41,0.4,1.4,0.9,0,0,0,0,0,0,-0.24,-9.08,-0.08,-1.39,-1.63,-1.51
Foster Moreau,NO,TE,6,HOU,0,0,0,0,0,0,1.06,12.13,0.08,0,0,0,0,0,0,4,33,0,1.69,2.75,2.22,3.3,7.3,5.3,0,0,0,0,0,0,2.94,20.87,-0.08,1.61,4.55,3.08
Tommy Tremble,CAR,TE,6,MIA,0,0,0,0,0,0,0.93,8.5,0.05,0,0,0,0,0,0,2,25,0,1.15,2.08,1.62,2.5,4.5,3.5,0,0,0,0,0,0,1.07,16.5,-0.05,1.35,2.42,1.88
Brenton Strange,JAC,TE,6,IND,0,0,0,0,0,0,0.49,4.6,0.03,0,0,0,0,0,0,2,27,1,0.64,1.13,0.88,8.7,10.7,9.7,0,0,0,0,0,0,1.51,22.4,0.97,8.06,9.57,8.82
Brevin Jordan,HOU,TE,6,NO,0,0,0,0,0,0,0.41,3.88,0.03,0,0,0,0,0,0,1,11,0,0.57,0.98,0.77,1.1,2.1,1.6,0,0,0,0,0,0,0.59,7.12,-0.03,0.53,1.12,0.83
Josh Whyle,TEN,TE,6,BAL,0,0,0,0,0,0,0.42,4.06,0.03,0,0,0,0,0,0,1,11,0,0.59,1.01,0.8,1.1,2.1,1.6,0,0,0,0,0,0,0.58,6.94,-0.03,0.51,1.09,0.8
Drew Sample,CIN,TE,6,SEA,0,0,0,0,0,0,0.25,2.2,0.02,0,0,0,0,0,0,1,4,0,0.34,0.59,0.46,0.4,1.4,0.9,0,0,0,0,0,0,0.75,1.8,-0.02,0.06,0.81,0.44
MyCole Pruitt,ATL,TE,6,WSH,0,0,0,0,0,0,0.19,1.87,0.02,0,0,0,0,0,0,1,9,0,0.31,0.5,0.4,0.9,1.9,1.4,0,0,0,0,0,0,0.81,7.13,-0.02,0.59,1.4,0.99
Dallas Goedert,PHI,TE,6,NYJ,0,0,0,0,0,0,3.98,45.68,0.24,0,0,0,0,0,0,5,42,0,6.01,9.99,8,4.2,9.2,6.7,0,0,0,0,0,0,1.02,-3.68,-0.24,-1.81,-0.79,-1.3
Sam LaPorta,DET,TE,6,TB,0,0,0,0,0,0,4.13,42.04,0.28,0,0,0,0,0,0,4,36,0,5.88,10.01,7.94,3.6,7.6,5.6,0,0,0,0,0,0,-0.13,-6.04,-0.28,-2.28,-2.41,-2.35
Hunter Henry,NE,TE,6,LV,0,0,0,0,0,0,3.63,39.3,0.25,0,0,0,0,0,0,1,7,0,5.43,9.06,7.24,0.7,1.7,1.2,0,0,0,0,0,0,-2.63,-32.3,-0.25,-4.73,-7.36,-6.04
Zach Ertz,ARI,TE,6,LA,0,0,0,0,0,0,3.81,34.16,0.22,0,0,0,0,0,0,2,22,0,4.74,8.55,6.64,2.2,4.2,3.2,0,0,0,0,0,0,-1.81,-12.16,-0.22,-2.54,-4.35,-3.44
Tyler Higbee,LA,TE,6,ARI,0,0,0,0,0,0,3.3,30.59,0.29,0,0,0,0,0,0,2,18,0,4.8,8.1,6.45,1.8,3.8,2.8,0,0,0,0,0,0,-1.3,-12.59,-0.29,-3,-4.3,-3.65
Cade Otton,TB,TE,6,DET,0,0,0,0,0,0,2.93,27.53,0.17,0,0,0,0,0,0,1,15,0,3.77,6.7,5.24,1.5,2.5,2,0,0,0,0,0,0,-1.93,-12.53,-0.17,-2.27,-4.2,-3.24
Tyler Conklin,NYJ,TE,6,PHI,0,0,0,0,0,0,2.9,29.29,0.14,0,0,0,0,0,0,3,24,0,3.77,6.67,5.22,2.4,5.4,3.9,0,0,0,0,0,0,0.1,-5.29,-0.14,-1.37,-1.27,-1.32
Austin Hooper,LV,TE,6,NE,0,0,0,0,0,0,2.4,24.53,0.2,0,0,0,0,0,0,2,19,0,3.65,6.05,4.85,1.9,3.9,2.9,0,0,0,0,0,0,-0.4,-5.53,-0.2,-1.75,-2.15,-1.95
Mike Gesicki,NE,TE,6,LV,0,0,0,0,0,0,2.36,23.28,0.15,0,0,0,0,0,0,3,28,0,3.23,5.59,4.41,2.8,5.8,4.3,0,0,0,0,0,0,0.64,4.72,-0.15,-0.43,0.21,-0.11
Brock Wright,DET,TE,6,TB,0,0,0,0,0,0,1.57,15.7,0.14,0,0,0,0,0,0,1,7,0,2.41,3.98,3.2,0.7,1.7,1.2,0,0,0,0,0,0,-0.57,-8.7,-0.14,-1.71,-2.28,-2
Trey McBride,ARI,TE,6,LA,0,0,0,0,0,0,1.6,16,0.1,0,0,0,0,0,0,4,62,0,2.2,3.8,3,6.2,10.2,8.2,0,0,0,0,0,0,2.4,46,-0.1,4,6.4,5.2
Jeremy Ruckert,NYJ,TE,6,PHI,0,0,0,0,0,0,0.58,5.74,0.04,0,0,0,0,0,0,1,8,0,0.81,1.39,1.1,0.8,1.8,1.3,0,0,0,0,0,0,0.42,2.26,-0.04,-0.01,0.41,0.2
Michael Mayer,LV,TE,6,NE,0,0,0,0,0,0,0.44,4.24,0.04,0,0,0,0,0,0,5,75,0,0.66,1.1,0.88,7.5,12.5,10,0,0,0,0,0,0,4.56,70.76,-0.04,6.84,11.4,9.12
Pharaoh Brown,NE,TE,6,LV,0,0,0,0,0,0,0.47,4.37,0.03,0,0,0,0,0,0,1,15,0,0.62,1.09,0.86,1.5,2.5,2,0,0,0,0,0,0,0.53,10.63,-0.03,0.88,1.41,1.14
Dawson Knox,BUF,TE,6,NYG,0,0,0,0,0,0,3.94,40.15,0.38,0,0,0,0,0,0,3,17,0,6.3,10.24,8.27,1.7,4.7,3.2,0,0,0,0,0,0,-0.94,-23.15,-0.38,-4.6,-5.54,-5.07
Darren Waller,NYG,TE,6,BUF,0,0,0,0,0,0,4.06,45.75,0.15,0,0,0,0,0,0,5,43,0,5.48,9.54,7.51,4.3,9.3,6.8,0,0,0,0,0,0,0.94,-2.75,-0.15,-1.18,-0.24,-0.71
Jake Ferguson,DAL,TE,6,LAC,0,0,0,0,0,0,3.69,37.96,0.29,0,0,0,0,0,0,1,15,0,5.54,9.23,7.38,1.5,2.5,2,0,0,0,0,0,0,-2.69,-22.96,-0.29,-4.04,-6.73,-5.38
Gerald Everett,LAC,TE,6,DAL,0,0,0,0,0,0,3.08,29.85,0.23,0,0,0,1,2,0,3,16,1,4.36,7.44,5.9,7.8,10.8,9.3,0,0,0,1,2,0,-0.08,-13.85,0.77,3.44,3.36,3.4
Donald Parham,LAC,TE,6,DAL,0,0,0,0,0,0,1,10.18,0.1,0,0,0,0,0,0,2,19,0,1.62,2.62,2.12,1.9,3.9,2.9,0,0,0,0,0,0,1,8.82,-0.1,0.28,1.28,0.78